patient,exercise,rep,step_index,step_name,chosen_overlay_keys,mae_Right_Shoulder,mae_Left_Shoulder,mae_Right_Elbow,mae_Left_Elbow,mae_Right_Wrist,mae_Left_Wrist
TOLFB02,OverheadPumping,1,1,OverheadPumping_S1,,0.0165747867273841,0.016516756349555566,0.1213960124495314,0.1148237070631781,0.1819800320783771,0.17057094322050806
TOLFB02,OverheadPumping,1,2,OverheadPumping_S2,LWrist+RWrist,0.019773322175438562,0.007259081398355269,0.18407947552225876,0.16947522960487937,0.30712858956606365,0.2328378504648026
TOLFB02,OverheadPumping,1,3,OverheadPumping_S3,LWrist+RElbow+RWrist,0.017216000109758763,0.008686036983607445,0.20751829694906804,0.15824946731458334,0.3233906129517545,0.23445788898903505
TOLFB02,OverheadPumping,1,4,OverheadPumping_S4,LWrist+RElbow+RWrist,0.02377059248037278,0.005582752049835541,0.20424892031929823,0.16843127381611844,0.31229799950493425,0.2597176051907895
TOLFB02,OverheadPumping,2,1,OverheadPumping_S1,LElbow+LWrist+RElbow+RWrist,0.027470097157611086,0.00923693109477778,0.2251660340908333,0.20042174145905556,0.37401716914111105,0.3391922305805556
TOLFB02,OverheadPumping,2,2,OverheadPumping_S2,LElbow+LWrist+RElbow+RWrist,0.03250166810542761,0.009454223975109637,0.2419680224364035,0.20667264004758773,0.40969471336513164,0.33816680770065777
TOLFB02,OverheadPumping,2,3,OverheadPumping_S3,LWrist+RElbow+RWrist,0.03206432386310304,0.01241906061129387,0.21619886492351972,0.18335559777395832,0.3744774363527412,0.29279730745186405
TOLFB02,OverheadPumping,2,4,OverheadPumping_S4,,0.01642612932713404,0.023298393231961863,0.09937211468344298,0.11688213756640348,0.12862544173898027,0.12288909474746867
