patient,exercise,rep,step_index,step_name,chosen_overlay_keys,mae_Right_Shoulder,mae_Left_Shoulder,mae_Right_Elbow,mae_Left_Elbow,mae_Right_Wrist,mae_Left_Wrist
TOLFB18,OverheadPumping,1,1,OverheadPumping_S1,,0.045015390967984834,0.012395716119050215,0.11307203226458584,0.05865306530560909,0.16398464210092462,0.10286685091256281
TOLFB18,OverheadPumping,1,2,OverheadPumping_S2,RWrist,0.023977966722149118,0.009684967761348657,0.17445825545570176,0.06647751813404605,0.23328009200389252,0.053116486377192934
TOLFB18,OverheadPumping,1,3,OverheadPumping_S3,RWrist,0.03585097174007676,0.010854623989364012,0.19193283118278506,0.04519406431030702,0.22367249348585527,0.05249910580153505
TOLFB18,OverheadPumping,1,4,OverheadPumping_S4,,0.023387926637664477,0.02531454791354167,0.08749121447330047,0.0342911409358553,0.10608659431787283,0.09051386179808114
TOLFB18,OverheadPumping,2,1,OverheadPumping_S1,,0.01400426341166666,0.02586715574744445,0.07859962113555558,0.025379744796666714,0.10059748009050003,0.09380206458122224
TOLFB18,OverheadPumping,2,2,OverheadPumping_S2,,0.03890139479621711,0.01895596207297147,0.16355690294402414,0.0699320740440789,0.1562487972293311,0.1439703490080592
TOLFB18,OverheadPumping,2,3,OverheadPumping_S3,,0.03133801650246709,0.010361939570449574,0.14723108141485747,0.04643606537565788,0.17158610719720396,0.05926088899835522
TOLFB18,OverheadPumping,2,4,OverheadPumping_S4,,0.05253992386502688,0.022929627594368715,0.10665942860228181,0.07714630977005263,0.19187153105843238,0.1643967318572368
