patient,exercise,rep,step_index,step_name,chosen_overlay_keys,mae_Right_Shoulder,mae_Left_Shoulder,mae_Right_Elbow,mae_Left_Elbow,mae_Right_Wrist,mae_Left_Wrist
TOLFB30,OverheadPumping,1,1,OverheadPumping_S1,LElbow+LWrist+RElbow+RWrist,0.037084969980367526,0.033612003899115006,0.4577738437919445,0.5062804964711068,0.9432756474666778,0.868575998195698
TOLFB30,OverheadPumping,1,2,OverheadPumping_S2,LElbow+LWrist+RElbow+RWrist,0.0755296923955395,0.06809207876276122,0.5514614737827581,0.5776127609668247,0.9513488074206904,0.8626654098734203
TOLFB30,OverheadPumping,1,3,OverheadPumping_S3,LElbow+LWrist+RElbow+RWrist,0.07516603570928271,0.06939781830005248,0.5705431611511791,0.54782661780893,0.9490910614996378,0.8364276271102625
TOLFB30,OverheadPumping,1,4,OverheadPumping_S4,LElbow+LWrist+RElbow+RWrist,0.07877444075080267,0.06953158968381384,0.543669553914337,0.5473936831378774,0.8912342409075326,0.8271795602681571
TOLFB30,OverheadPumping,2,1,OverheadPumping_S1,LElbow+LWrist+RElbow+RWrist,0.07844806956308337,0.06958405108293667,0.538203793914337,0.5570556837317371,0.8932207460303397,0.8371845739953501
TOLFB30,OverheadPumping,2,2,OverheadPumping_S2,LElbow+LWrist+RElbow+RWrist,0.07636087200080267,0.06715729468381389,0.5606044374669686,0.5679355199141931,0.9378342917627959,0.8591362236234202
TOLFB30,OverheadPumping,2,3,OverheadPumping_S3,LElbow+LWrist+RElbow+RWrist,0.08145853344817108,0.07478572724960333,0.5474131179932844,0.5543826942562985,0.9217327736706904,0.8319583947418413
TOLFB30,OverheadPumping,2,4,OverheadPumping_S4,LElbow+LWrist+RElbow+RWrist,0.022909521995534067,0.02487843533262,0.4400136056792076,0.47184570856522545,0.9909017130661899,0.9423142518604063
