patient,exercise,rep,step_index,step_name,chosen_overlay_keys,mae_Right_Shoulder,mae_Left_Shoulder,mae_Right_Elbow,mae_Left_Elbow,mae_Right_Wrist,mae_Left_Wrist
TOLFB16,OverheadPumping,1,1,OverheadPumping_S1,,0.01579037637470358,0.01198869778324357,0.07191011686308582,0.047454978780200004,0.10694776862933968,0.06788304938361107
TOLFB16,OverheadPumping,1,2,OverheadPumping_S2,,0.015462153907127161,0.024088488638925463,0.07138277720290573,0.02459599879649124,0.06986548459440792,0.06406111066677632
TOLFB16,OverheadPumping,1,3,OverheadPumping_S3,,0.01500457965202851,0.022312051197861855,0.062185525452138166,0.0544233091055921,0.043183035273355264,0.0970537862077851
TOLFB16,OverheadPumping,1,4,OverheadPumping_S4,,0.011053299977521911,0.027357964659923264,0.06283798347933114,0.035310309047478096,0.06640104454978074,0.10024714681507677
TOLFB16,OverheadPumping,2,1,OverheadPumping_S1,,0.025410464074388853,0.015350841920611128,0.10715692697105555,0.0627911756935,0.09871370900866662,0.07883214038022218
TOLFB16,OverheadPumping,2,2,OverheadPumping_S2,,0.017428963549451726,0.02141752195449563,0.0824537390010965,0.019394500899945176,0.034777825773574536,0.10899674536041665
TOLFB16,OverheadPumping,2,3,OverheadPumping_S3,,0.014985926186732439,0.014801586977576761,0.08418008418190792,0.030815083489692953,0.034977227529934186,0.1663528372543859
TOLFB16,OverheadPumping,2,4,OverheadPumping_S4,,0.028888336104027117,0.010798892409923256,0.08092714580960518,0.07234989668426499,0.14352016748252416,0.16898550641714394
