patient,exercise,rep,step_index,step_name,chosen_overlay_keys,mae_Right_Shoulder,mae_Left_Shoulder,mae_Right_Elbow,mae_Left_Elbow,mae_Right_Wrist,mae_Left_Wrist
TOLFB04,OverheadPumping,1,1,OverheadPumping_S1,RWrist,0.02101522409689161,0.02134262430393938,0.12054153502344304,0.11268553174447457,0.2240977097049594,0.1838180712273058
TOLFB04,OverheadPumping,1,2,OverheadPumping_S2,LElbow+LWrist+RElbow+RWrist,0.038661422760526296,0.011029856204769727,0.22339568889347589,0.20078526864078947,0.45112065228070175,0.3525914911699561
TOLFB04,OverheadPumping,1,3,OverheadPumping_S3,LWrist+RElbow+RWrist,0.04400394599714912,0.013722736243804807,0.25017492950071274,0.16518066717489036,0.4363334455142544,0.30305602739254384
TOLFB04,OverheadPumping,1,4,OverheadPumping_S4,LElbow+LWrist+RElbow+RWrist,0.05181874352691888,0.02187957209632672,0.29412395547576753,0.22019752668514253,0.5459650804654606,0.4205998819468202
TOLFB04,OverheadPumping,2,1,OverheadPumping_S1,LWrist+RElbow+RWrist,0.04513676632666667,0.018060842045388867,0.26488367446494443,0.1929169435877222,0.47051392946166665,0.31396849887105555
TOLFB04,OverheadPumping,2,2,OverheadPumping_S2,LWrist+RElbow+RWrist,0.04399627899067982,0.005940949633114034,0.23138646433305918,0.14639232520888157,0.395962419533443,0.2137077282300986
TOLFB04,OverheadPumping,2,3,OverheadPumping_S3,LWrist+RElbow+RWrist,0.04910650175794955,0.008144883760252158,0.24451064521666663,0.1562207844805373,0.420625109602522,0.2617232054281798
TOLFB04,OverheadPumping,2,4,OverheadPumping_S4,,0.024322688434002145,0.03927801034194277,0.1739988639676411,0.17812184868021488,0.18713115210224424,0.15951066630950556
