patient,exercise,rep,step_index,step_name,chosen_overlay_keys,mae_Right_Shoulder,mae_Left_Shoulder,mae_Right_Elbow,mae_Left_Elbow,mae_Right_Wrist,mae_Left_Wrist
TOLFB08,OverheadPumping,1,1,OverheadPumping_S1,,0.03663277140498169,0.03997301095726517,0.09677019622747957,0.09024443335761068,0.17250352466309077,0.1288532891587162
TOLFB08,OverheadPumping,1,2,OverheadPumping_S2,,0.06603751673228436,0.07399664940796574,0.13185363217718138,0.13888639363275987,0.15176289861327327,0.1410551338140182
TOLFB08,OverheadPumping,1,3,OverheadPumping_S3,,0.022544735751887365,0.029658439609853288,0.1239225762861984,0.0670561405458584,0.13330545953009007,0.035965133047016394
TOLFB08,OverheadPumping,1,4,OverheadPumping_S4,,0.018381124645010127,0.026835360067424995,0.12942271027182323,0.08311493750304527,0.11719725289380667,0.04642434556085648
TOLFB08,OverheadPumping,2,1,OverheadPumping_S1,LWrist+RElbow+RWrist,0.01886957670755475,0.02224940297935613,0.21529649357806657,0.19072738207739645,0.324340462447564,0.201507992319428
TOLFB08,OverheadPumping,2,2,OverheadPumping_S2,,0.11252148474221912,0.12440261862122459,0.08228722551356066,0.12916657620594335,0.0812594513821915,0.18648710229396845
TOLFB08,OverheadPumping,2,3,OverheadPumping_S3,LElbow+LWrist,0.16364542964834952,0.1779755102332738,0.1687753034832436,0.23436755397207149,0.1411485472052987,0.25500121398781844
TOLFB08,OverheadPumping,2,4,OverheadPumping_S4,LElbow+LWrist+RElbow+RWrist,0.05692875608694675,0.08966391019073905,0.4001955234629043,0.39773956122183707,0.8566833438637155,0.8794527657497725
