patient,exercise,rep,step_index,step_name,chosen_overlay_keys,mae_Right_Shoulder,mae_Left_Shoulder,mae_Right_Elbow,mae_Left_Elbow,mae_Right_Wrist,mae_Left_Wrist
TOLFB03,ShoulderRoll,1,1,SholderRolls_S1,LElbow+LShoulder+LWrist+RElbow+RShoulder+RWrist,0.4901103874442462,0.6676041134352311,0.5489006904773229,0.5763387175288429,0.8144419408724319,0.8211255101396295
TOLFB03,ShoulderRoll,1,2,SholderRolls_S2,,0.02499196274803111,0.03752165172739757,0.06921851894020437,0.09714576182813622,0.10040136497975316,0.08565399498874773
TOLFB03,ShoulderRoll,1,3,SholderRolls_S3,LWrist+RWrist,0.02202587353231327,0.018128896025853384,0.08562465419827381,0.05474167128150889,0.33289347598242425,0.2953482954473229
TOLFB03,ShoulderRoll,2,1,SholderRolls_S1,,0.027218135002246333,0.015384918814482203,0.07338759752716337,0.06447989639449744,0.11547605483064795,0.12256995572678381
TOLFB03,ShoulderRoll,2,2,SholderRolls_S2,RWrist,0.031383168436950486,0.0172207119215103,0.06400478792174831,0.07778772113324121,0.20377886011166862,0.17962472582251351
TOLFB03,ShoulderRoll,2,3,SholderRolls_S3,,0.03997109031482619,0.021141880044444318,0.03995789258034772,0.08062101528095583,0.11472833448289846,0.15031359098329242
