patient,exercise,rep,step_index,step_name,chosen_overlay_keys,mae_Right_Shoulder,mae_Left_Shoulder,mae_Right_Elbow,mae_Left_Elbow,mae_Right_Wrist,mae_Left_Wrist
TOLFB23,ShoulderRoll,1,1,SholderRolls_S1,,0.038831297873746014,0.025149312305013244,0.08320939106880679,0.03842696511689948,0.12790923869769122,0.13545299912088618
TOLFB23,ShoulderRoll,1,2,SholderRolls_S2,,0.07158933961406246,0.020787557577604213,0.07813018368163464,0.12181155733272031,0.11056414235364584,0.16522700252676278
TOLFB23,ShoulderRoll,1,3,SholderRolls_S3,,0.04737744532299678,0.02631983722055289,0.10740971706058096,0.10067392820899354,0.17770984877720353,0.13689084778605767
TOLFB23,ShoulderRoll,2,1,SholderRolls_S1,,0.058492221531067916,0.038574675397451436,0.07498102159064726,0.07267422156870022,0.17977467115291254,0.1868929872317961
TOLFB23,ShoulderRoll,2,2,SholderRolls_S2,RWrist,0.07504747388826119,0.023590066620352602,0.05211603350827326,0.14058304815704725,0.22808247843193108,0.1361301274921875
TOLFB23,ShoulderRoll,2,3,SholderRolls_S3,LElbow+LWrist+RWrist,0.04485863991253724,0.03744154323888042,0.09146619517843302,0.21649126585064096,0.3793305286740107,0.21442985243671822
