patient,exercise,rep,step_index,step_name,chosen_overlay_keys,mae_Right_Shoulder,mae_Left_Shoulder,mae_Right_Elbow,mae_Left_Elbow,mae_Right_Wrist,mae_Left_Wrist
TOLFB20,OverheadPumping,1,1,OverheadPumping_S1,,0.015432515649274739,0.012969817118565274,0.0940359896880572,0.09705557377919717,0.11789338204591455,0.10002985984356787
TOLFB20,OverheadPumping,1,2,OverheadPumping_S2,,0.029460450900712705,0.02607782854923245,0.13119421809846493,0.13304368472127193,0.08701018474786183,0.027776840643201798
TOLFB20,OverheadPumping,1,3,OverheadPumping_S3,LElbow+LWrist+RElbow+RWrist,0.0511412788801535,0.03761513692127192,0.31554298359967103,0.2268182569332785,0.289914286539693,0.20669142259424342
TOLFB20,OverheadPumping,1,4,OverheadPumping_S4,LElbow+LWrist+RElbow+RWrist,0.06004011839237937,0.04314876089385964,0.32837261908634874,0.26755291361129385,0.3720023198289473,0.3134489293099781
TOLFB20,OverheadPumping,2,1,OverheadPumping_S1,,0.02076309696388888,0.030009688250066672,0.0856647271391889,0.0603889552728889,0.037836569331777786,0.0667152141078333
TOLFB20,OverheadPumping,2,2,OverheadPumping_S2,,0.0432782676915022,0.042696789265548235,0.10468398588266448,0.0903574774881031,0.07085752539714912,0.07215092008793855
TOLFB20,OverheadPumping,2,3,OverheadPumping_S3,RElbow,0.046879004459374984,0.04399855681299341,0.20652924413985746,0.16618368201584433,0.16339473203486843,0.1202368353183114
TOLFB20,OverheadPumping,2,4,OverheadPumping_S4,LElbow+LWrist+RElbow+RWrist,0.028582211963815808,0.03320633776502194,0.44704265686383016,0.4222212981782346,0.926603671810307,0.9098331328196272
