patient,exercise,rep,step_index,step_name,chosen_overlay_keys,mae_Right_Shoulder,mae_Left_Shoulder,mae_Right_Elbow,mae_Left_Elbow,mae_Right_Wrist,mae_Left_Wrist
TOLFB01,ShoulderRoll,1,1,SholderRolls_S1,RWrist,0.041033218858339764,0.04513526436303599,0.12709463449745187,0.11154757267997784,0.25603510976132426,0.17956507223732593
TOLFB01,ShoulderRoll,1,2,SholderRolls_S2,LWrist+RWrist,0.055926943603084936,0.04497697073701919,0.047991393795060504,0.08843336543192064,0.43916564257103363,0.45263444999447117
TOLFB01,ShoulderRoll,1,3,SholderRolls_S3,LWrist+RWrist,0.03016606852640224,0.04637079349126598,0.06881206445002883,0.10534546886983973,0.2090667246952724,0.20935867298870192
TOLFB01,ShoulderRoll,2,1,SholderRolls_S1,RWrist,0.015590768175444972,0.02470832443588186,0.12404784309091513,0.08880196662752425,0.2832218522220064,0.18711118871100318
TOLFB01,ShoulderRoll,2,2,SholderRolls_S2,LWrist+RWrist,0.01485842164995994,0.03525261634282848,0.10850167520582928,0.14255898310703125,0.2397279493088541,0.24926009005917465
TOLFB01,ShoulderRoll,2,3,SholderRolls_S3,,0.027697551752523877,0.05640297545989065,0.14574685837783702,0.13363738173166892,0.14880137866926027,0.07752657701968266
