patient,exercise,rep,step_index,step_name,chosen_overlay_keys,mae_Right_Shoulder,mae_Left_Shoulder,mae_Right_Elbow,mae_Left_Elbow,mae_Right_Wrist,mae_Left_Wrist
TOLFB06,ShoulderRoll,1,1,SholderRolls_S1,,0.03313436028413275,0.043385556466676245,0.08157128688999132,0.07593745227402382,0.1734293560994594,0.14497514237006076
TOLFB06,ShoulderRoll,1,2,SholderRolls_S2,,0.033730562838501565,0.02198800201137823,0.02393993017673476,0.07720364443548475,0.06642158525825317,0.09994612576550477
TOLFB06,ShoulderRoll,1,3,SholderRolls_S3,,0.029653500485897384,0.034989213031290045,0.05222788717276443,0.06280960750928685,0.1492815452130609,0.11725409559919868
TOLFB06,ShoulderRoll,2,1,SholderRolls_S1,,0.03275123909288023,0.03858398009619743,0.08968475177438512,0.08161586498522302,0.18663850869008897,0.13622820150707923
TOLFB06,ShoulderRoll,2,2,SholderRolls_S2,,0.025566554446915045,0.0360903342762019,0.06258908875477762,0.10256970008927613,0.10233455207884617,0.08361743799995991
TOLFB06,ShoulderRoll,2,3,SholderRolls_S3,LWrist,0.03870727848439013,0.035367415512994174,0.0325019628611007,0.05871080421417224,0.15013788064095518,0.21755952964095604
