patient,exercise,rep,step_index,step_name,chosen_overlay_keys,mae_Right_Shoulder,mae_Left_Shoulder,mae_Right_Elbow,mae_Left_Elbow,mae_Right_Wrist,mae_Left_Wrist
TOLFB10,OverheadPumping,1,1,OverheadPumping_S1,,0.04002379388769686,0.014967905993826334,0.09873494547642668,0.09177095769987034,0.14657783496929583,0.09572668383479732
TOLFB10,OverheadPumping,1,2,OverheadPumping_S2,RWrist,0.028688948246271932,0.007507371527576738,0.13873092264117326,0.09829120024106358,0.2487097422324561,0.07022669311491223
TOLFB10,OverheadPumping,1,3,OverheadPumping_S3,RWrist,0.04326595758541666,0.015580994318530668,0.14270848296847582,0.1300365965737938,0.20305945093799332,0.10015565910855255
TOLFB10,OverheadPumping,1,4,OverheadPumping_S4,RWrist,0.04755496005553724,0.012007735558552626,0.18446490086716005,0.1411044572289473,0.26896855331030695,0.15122980719978069
TOLFB10,OverheadPumping,2,1,OverheadPumping_S1,RElbow+RWrist,0.04207472958144441,0.011749952239555559,0.24805142837238892,0.1770463554457778,0.37245102388722223,0.16731646950883333
TOLFB10,OverheadPumping,2,2,OverheadPumping_S2,RWrist,0.03500592810548244,0.005476345601151324,0.13408883632554822,0.10211589935581136,0.20564127373958327,0.07639336933388152
TOLFB10,OverheadPumping,2,3,OverheadPumping_S3,RWrist,0.040171278619627174,0.009035539588925447,0.14111635790104166,0.10387969598410085,0.2112804523258223,0.08777725905575653
TOLFB10,OverheadPumping,2,4,OverheadPumping_S4,,0.05954888893286589,0.0348680182362015,0.11465748846698728,0.08505016219653014,0.15296075537841006,0.116800331216557
