patient,exercise,rep,step_index,step_name,chosen_overlay_keys,mae_Right_Shoulder,mae_Left_Shoulder,mae_Right_Elbow,mae_Left_Elbow,mae_Right_Wrist,mae_Left_Wrist
TOLFB01,OverheadPumping,1,1,OverheadPumping_S1,RWrist,0.030357519406785136,0.01759120092983709,0.12451625700312913,0.12524881262069187,0.21226406453248733,0.16630366077640346
TOLFB01,OverheadPumping,1,2,OverheadPumping_S2,,0.041234086931030665,0.016497057729276315,0.09012005228125,0.1122258400318531,0.18628510775844298,0.1201072414594298
TOLFB01,OverheadPumping,1,3,OverheadPumping_S3,,0.03814389782587717,0.012769755366228073,0.07985503199364037,0.0678241167703399,0.13344722958667765,0.07620969636617328
TOLFB01,OverheadPumping,1,4,OverheadPumping_S4,,0.0458342627377741,0.017074999632949575,0.11106748726255485,0.08668514879983553,0.19132936822105256,0.1270802608297697
TOLFB01,OverheadPumping,2,1,OverheadPumping_S1,,0.03853097535399998,0.022633634859666678,0.07065614339988889,0.07672619684700002,0.11033464994694442,0.07682004500166666
TOLFB01,OverheadPumping,2,2,OverheadPumping_S2,,0.02187982401288375,0.023759729315405723,0.05088856148804826,0.06419583819155703,0.08667433508804827,0.04973641121008773
TOLFB01,OverheadPumping,2,3,OverheadPumping_S3,,0.02841064595679821,0.019765262900712732,0.06379952682960527,0.056205743242160086,0.12862434390657895,0.0729116509468202
TOLFB01,OverheadPumping,2,4,OverheadPumping_S4,,0.027001802868985774,0.02743763420531798,0.09124208868851606,0.08414529144808547,0.15964964835043863,0.1198597752787445
