patient,exercise,rep,step_index,step_name,chosen_overlay_keys,mae_Right_Shoulder,mae_Left_Shoulder,mae_Right_Elbow,mae_Left_Elbow,mae_Right_Wrist,mae_Left_Wrist
TOLFB07,OverheadPumping,1,1,OverheadPumping_S1,,0.0269324421084666,0.021870310810587292,0.06817322199625604,0.06081079725375865,0.12600129300192572,0.07990828672470297
TOLFB07,OverheadPumping,1,2,OverheadPumping_S2,,0.009212090742324581,0.008588378704166658,0.06383340980274124,0.09104883563064693,0.12992802826206143,0.09940976243059209
TOLFB07,OverheadPumping,1,3,OverheadPumping_S3,,0.008246768560032881,0.01738955031951753,0.06906351921129386,0.09100024934259868,0.10983545108097587,0.10386295860142539
TOLFB07,OverheadPumping,1,4,OverheadPumping_S4,,0.009021380737335518,0.021833577152083335,0.044973843099068,0.09113840692905703,0.07924477721814692,0.08975941855191884
TOLFB07,OverheadPumping,2,1,OverheadPumping_S1,,0.019186989555333298,0.021814663765222217,0.07341913996427779,0.1041312292276667,0.10557955620416666,0.08846148989177774
TOLFB07,OverheadPumping,2,2,OverheadPumping_S2,,0.013484499797094276,0.022373550647039473,0.08824198112686404,0.10641860452796054,0.12826388736266445,0.10493327681211621
TOLFB07,OverheadPumping,2,3,OverheadPumping_S3,,0.02331522145455042,0.022762672375164487,0.06117705038267543,0.05269159981683114,0.12438809067406796,0.054101896875657876
TOLFB07,OverheadPumping,2,4,OverheadPumping_S4,,0.026286884893914477,0.02915979241112936,0.06339566703514252,0.0712463751964638,0.11183038486430921,0.13911713992598132
