patient,exercise,rep,step_index,step_name,chosen_overlay_keys,mae_Right_Shoulder,mae_Left_Shoulder,mae_Right_Elbow,mae_Left_Elbow,mae_Right_Wrist,mae_Left_Wrist
TOLFB22,OverheadPumping,1,1,OverheadPumping_S1,,0.013413309597422221,0.019031835807681825,0.08455915081781437,0.061198386655909105,0.12215667588296968,0.06345140592555552
TOLFB22,OverheadPumping,1,2,OverheadPumping_S2,RWrist,0.01475548867637061,0.009044360043804838,0.1473956287404057,0.10844864520942984,0.24078966632730261,0.14579452846419955
TOLFB22,OverheadPumping,1,3,OverheadPumping_S3,RWrist,0.028708115688048243,0.011978237947587698,0.19619261466732454,0.09692165915882675,0.2722511366940789,0.15158577234243414
TOLFB22,OverheadPumping,1,4,OverheadPumping_S4,,0.027586856241337714,0.035823485859100876,0.07421298395518641,0.05979787329374997,0.10169969387225876,0.10167822033963814
TOLFB22,OverheadPumping,2,1,OverheadPumping_S1,LWrist+RWrist,0.033564138855333325,0.035288831410222224,0.1774866203270556,0.18097927710411113,0.28197866988411113,0.23508354394855552
TOLFB22,OverheadPumping,2,2,OverheadPumping_S2,,0.02336234502913925,0.029480746360155706,0.07600864174265243,0.05525296124975876,0.13082405111156797,0.09275125313842103
TOLFB22,OverheadPumping,2,3,OverheadPumping_S3,LElbow+LWrist+RElbow+RWrist,0.1657613254592434,0.17924057365202742,0.20176263736749067,0.20601741865501094,0.2862197637324123,0.22294746216146713
TOLFB22,OverheadPumping,2,4,OverheadPumping_S4,LElbow+LWrist+RElbow+RWrist,0.0453260404324596,0.064168617326146,0.3944241051403381,0.411897083701894,0.8473108373823464,0.8705319771361624
