patient,exercise,rep,step_index,step_name,chosen_overlay_keys,mae_Right_Shoulder,mae_Left_Shoulder,mae_Right_Elbow,mae_Left_Elbow,mae_Right_Wrist,mae_Left_Wrist
TOLFB05,OverheadPumping,1,1,OverheadPumping_S1,,0.021176049081485616,0.01307012261582996,0.08475856775149292,0.09828278986371428,0.16694046997375422,0.1564878071460711
TOLFB05,OverheadPumping,1,2,OverheadPumping_S2,LWrist+RWrist,0.011237846927302621,0.01576924598656798,0.14388074073037282,0.14963596528157894,0.29362736619594293,0.23674094468854157
TOLFB05,OverheadPumping,1,3,OverheadPumping_S3,RWrist,0.016599901249013147,0.014747451496162278,0.15867897638980266,0.11994615111924337,0.27717311141326756,0.17459664603070177
TOLFB05,OverheadPumping,1,4,OverheadPumping_S4,RWrist,0.01804833935356358,0.016390987095997803,0.15294644207883773,0.1355313815944627,0.2314081119725877,0.1761320399423793
TOLFB05,OverheadPumping,2,1,OverheadPumping_S1,LWrist+RElbow+RWrist,0.02005759606005554,0.024718913259555546,0.20930438118805555,0.1894995900351111,0.33765566559666677,0.25679420063555564
TOLFB05,OverheadPumping,2,2,OverheadPumping_S2,LElbow+LWrist+RElbow+RWrist,0.02316019026891445,0.027387337353289482,0.23505718502642545,0.2033385453026864,0.37889490566228073,0.280696078745614
TOLFB05,OverheadPumping,2,3,OverheadPumping_S3,RWrist,0.026320258852302603,0.03054869556567983,0.15385490417604167,0.14945678781600877,0.21876547600932017,0.15295828916896922
TOLFB05,OverheadPumping,2,4,OverheadPumping_S4,,0.01918095179940016,0.016835572477960536,0.07062385315570176,0.06104405313475833,0.12048022344984646,0.0850719371631741
