patient,exercise,elbow_angle_mae_deg,shoulder_angle_mae_deg,pos_err_pct_mean,dtw_distance,peak_lag_s,sym_dev_abs_mean,jerk_rms
TOLFB30,ClaspAndSpread,34.6721,30.1831,53.5232,362.914945,-12.92,0.193155,507.532481
TOLFB30,DeepBreathing,23.6125,10.6036,6.7471,34.904967,0.0,0.044877,262.021829
TOLFB30,HorizontalPumping,15.6984,6.3779,7.37,19.956901,0.0,0.059215,245.567955
TOLFB30,OverheadPumping,14.656,69.5405,26.094,156.853502,-0.28,0.076572,18.046069
TOLFB30,PushdownPumping,24.5701,17.8606,35.351,230.509944,27.0,0.233458,934.635731
TOLFB30,ShoulderRoll,20.9507,16.6063,7.003,20.837422,0.0,0.078838,311.639758
