patient,exercise,elbow_angle_mae_deg,shoulder_angle_mae_deg,pos_err_pct_mean,dtw_distance,peak_lag_s,sym_dev_abs_mean,jerk_rms
TOLFB12,ClaspAndSpread,28.3037,21.8207,11.8154,37.864981,0.0,0.115276,186.293477
TOLFB12,DeepBreathing,9.4888,6.8462,3.9482,7.558394,-0.04,0.04806,103.463503
TOLFB12,HorizontalPumping,27.6094,23.9707,11.7967,51.53211,-0.04,0.108942,177.923175
TOLFB12,OverheadPumping,22.5103,52.4222,11.3076,60.109627,0.0,0.066717,243.697286
TOLFB12,PushdownPumping,34.2054,23.8825,12.5667,34.952163,1.96,0.090209,193.70013
TOLFB12,ShoulderRoll,42.0445,21.7984,7.5359,6.461752,0.32,0.107437,192.301801
