patient,exercise,elbow_angle_mae_deg,shoulder_angle_mae_deg,pos_err_pct_mean,dtw_distance,peak_lag_s,sym_dev_abs_mean,jerk_rms
TOLFB08,ClaspAndSpread,17.2585,17.702,8.4066,20.320848,0.12,0.10051,238.456496
TOLFB08,DeepBreathing,29.3495,6.7319,7.2435,35.191032,37.72,0.036174,36.713227
TOLFB08,HorizontalPumping,18.5369,17.3883,10.2508,40.874625,-0.08,0.120796,181.263062
TOLFB08,OverheadPumping,15.621,21.5562,95.4049,529.08298,2.44,0.094303,201.370386
TOLFB08,PushdownPumping,25.0854,14.0812,19.5073,86.855586,3.92,0.090846,324.915671
TOLFB08,ShoulderRoll,24.7857,15.9199,7.0561,22.883872,-0.68,0.102572,113.058116
