patient,exercise,elbow_angle_mae_deg,shoulder_angle_mae_deg,pos_err_pct_mean,dtw_distance,peak_lag_s,sym_dev_abs_mean,jerk_rms
TOLFB10,ClaspAndSpread,36.5213,18.2203,18.7095,99.689075,0.08,0.087305,357.731953
TOLFB10,DeepBreathing,20.229,3.7266,3.6211,15.551318,0.0,0.052126,90.509335
TOLFB10,HorizontalPumping,33.455,15.7687,11.016,26.69497,0.04,0.113268,234.189031
TOLFB10,OverheadPumping,12.461,20.1867,8.442,38.021825,0.0,0.054343,313.703605
TOLFB10,PushdownPumping,24.2025,14.5103,10.7239,41.936651,0.04,0.073017,317.700331
TOLFB10,ShoulderRoll,17.5078,11.9564,5.0979,11.444949,0.04,0.080649,189.457533
