patient,exercise,elbow_angle_mae_deg,shoulder_angle_mae_deg,pos_err_pct_mean,dtw_distance,peak_lag_s,sym_dev_abs_mean,jerk_rms
TOLFB26,ClaspAndSpread,59.0477,22.5921,16.8974,42.436057,0.32,0.07877,284.982313
TOLFB26,DeepBreathing,35.4778,9.622,7.1819,11.258497,38.08,0.018507,47.793158
TOLFB26,HorizontalPumping,17.3236,12.6583,9.4773,28.924226,0.0,0.084514,218.775565
TOLFB26,OverheadPumping,16.6014,33.8766,5.1675,13.558508,0.0,0.024704,250.193363
TOLFB26,PushdownPumping,26.9509,17.3058,8.8316,25.51174,0.0,0.054066,208.374912
TOLFB26,ShoulderRoll,28.9732,10.2985,5.2064,17.856128,10.16,0.03348,91.610369
