patient,exercise,elbow_angle_mae_deg,shoulder_angle_mae_deg,pos_err_pct_mean,dtw_distance,peak_lag_s,sym_dev_abs_mean,jerk_rms
TOLFB02,ClaspAndSpread,18.8397,16.2737,8.0185,26.490447,0.12,0.046063,129.281484
TOLFB02,DeepBreathing,23.4583,12.7439,10.5017,77.798142,0.12,0.016136,36.288556
TOLFB02,HorizontalPumping,10.7186,8.328,6.241,17.805545,0.04,0.052744,128.119017
TOLFB02,OverheadPumping,6.3496,30.1294,14.1071,53.299082,0.0,0.030357,148.226501
TOLFB02,PushdownPumping,29.2617,10.6645,10.6137,34.18939,0.04,0.056055,134.524686
TOLFB02,ShoulderRoll,20.1915,7.7042,3.9471,10.760018,-0.12,0.033396,101.014291
