patient,exercise,elbow_angle_mae_deg,shoulder_angle_mae_deg,pos_err_pct_mean,dtw_distance,peak_lag_s,sym_dev_abs_mean,jerk_rms
TOLFB27,ClaspAndSpread,36.4676,15.6124,11.4261,44.816657,-0.08,0.04913,188.846773
TOLFB27,DeepBreathing,16.888,6.7371,4.2796,17.091649,-1.28,0.048191,91.407764
TOLFB27,HorizontalPumping,36.174,7.1537,12.0758,42.931959,0.48,0.065785,181.295175
TOLFB27,OverheadPumping,8.1067,12.1599,18.287,97.029514,10.44,0.039238,197.590843
TOLFB27,PushdownPumping,28.1174,13.6777,10.7594,38.148941,0.08,0.070265,267.412146
TOLFB27,ShoulderRoll,21.8619,15.7444,6.2709,9.168264,0.08,0.103695,215.452334
