patient,exercise,elbow_angle_mae_deg,shoulder_angle_mae_deg,pos_err_pct_mean,dtw_distance,peak_lag_s,sym_dev_abs_mean,jerk_rms
TOLFB09,ClaspAndSpread,24.5266,21.915,8.4373,25.868029,0.04,0.062498,303.173118
TOLFB09,DeepBreathing,23.4758,7.7227,6.0662,29.764693,-4.44,0.048908,35.184196
TOLFB09,HorizontalPumping,15.2752,22.0101,11.1809,38.242716,-0.28,0.092843,315.052136
TOLFB09,OverheadPumping,12.2994,68.7203,25.6756,154.023525,-0.56,0.064836,16.963213
TOLFB09,PushdownPumping,17.7708,31.3632,12.9195,50.621885,-7.72,0.052865,177.450627
TOLFB09,ShoulderRoll,41.4435,14.9756,7.2192,12.048906,-1.32,0.108739,159.072069
