patient,exercise,elbow_angle_mae_deg,shoulder_angle_mae_deg,pos_err_pct_mean,dtw_distance,peak_lag_s,sym_dev_abs_mean,jerk_rms
TOLFB13,ClaspAndSpread,21.0797,22.1648,7.932,27.150521,-0.04,0.050145,167.443997
TOLFB13,DeepBreathing,13.9475,11.0786,3.9742,13.504189,-0.12,0.039168,61.911146
TOLFB13,HorizontalPumping,13.5148,8.4672,7.2226,17.953665,0.0,0.085025,233.932297
TOLFB13,OverheadPumping,12.2578,47.6424,17.511,66.409981,0.0,0.240025,149.222106
TOLFB13,PushdownPumping,24.6071,20.9289,12.7569,24.873038,0.28,0.136305,193.770977
TOLFB13,ShoulderRoll,27.4731,17.7926,6.9649,21.284865,0.08,0.059629,170.246534
