patient,exercise,elbow_angle_mae_deg,shoulder_angle_mae_deg,pos_err_pct_mean,dtw_distance,peak_lag_s,sym_dev_abs_mean,jerk_rms
TOLFB22,ClaspAndSpread,38.2597,29.3238,35.636,202.31951,3.04,0.155145,422.835448
TOLFB22,DeepBreathing,18.3306,4.5914,5.1445,13.071791,-1.32,0.05001,119.508217
TOLFB22,HorizontalPumping,11.8593,9.8805,7.5427,28.291641,-0.08,0.053662,195.827219
TOLFB22,OverheadPumping,7.7821,18.7567,34.2459,170.369497,0.88,0.062871,249.095737
TOLFB22,PushdownPumping,21.7218,17.5248,25.8836,163.543887,-13.28,0.120949,341.077823
TOLFB22,ShoulderRoll,44.4759,16.4918,8.2604,20.504294,8.44,0.088127,163.732058
