patient,exercise,elbow_angle_mae_deg,shoulder_angle_mae_deg,pos_err_pct_mean,dtw_distance,peak_lag_s,sym_dev_abs_mean,jerk_rms
TOLFB20,ClaspAndSpread,24.0554,20.8717,9.8141,32.578669,0.04,0.04213,276.54941
TOLFB20,DeepBreathing,33.9804,10.568,7.8573,26.831265,2.44,0.036725,28.319272
TOLFB20,HorizontalPumping,13.6606,10.8464,8.7568,29.688083,-0.12,0.06518,168.239505
TOLFB20,OverheadPumping,26.6243,29.1108,11.3725,31.748732,5.52,0.033615,271.351883
TOLFB20,PushdownPumping,20.3644,14.3443,11.0216,42.255145,25.88,0.056343,218.867402
TOLFB20,ShoulderRoll,31.8517,15.5539,8.3179,26.787804,-0.36,0.053513,286.746409
