patient,exercise,elbow_angle_mae_deg,shoulder_angle_mae_deg,pos_err_pct_mean,dtw_distance,peak_lag_s,sym_dev_abs_mean,jerk_rms
TOLFB21,ClaspAndSpread,22.1217,19.4957,8.7049,29.655433,0.0,0.045739,243.537481
TOLFB21,DeepBreathing,18.5802,6.6947,5.1884,20.817753,0.0,0.048367,34.866041
TOLFB21,HorizontalPumping,12.7285,10.8905,8.7478,30.643634,-0.16,0.0633,172.762022
TOLFB21,OverheadPumping,27.8307,30.2751,9.1509,31.020119,-1.88,0.033027,191.296982
TOLFB21,PushdownPumping,20.7805,14.1387,14.3739,67.792348,25.76,0.059053,225.242725
TOLFB21,ShoulderRoll,31.2542,15.5406,10.1971,36.786355,-0.84,0.057116,318.888705
