patient,exercise,elbow_angle_mae_deg,shoulder_angle_mae_deg,pos_err_pct_mean,dtw_distance,peak_lag_s,sym_dev_abs_mean,jerk_rms
TOLFB03,ClaspAndSpread,14.1723,13.1311,5.9293,17.765499,0.08,0.051054,293.675118
TOLFB03,DeepBreathing,25.7129,10.1445,6.0116,12.903637,0.08,0.032253,55.602728
TOLFB03,HorizontalPumping,13.8814,4.8893,7.2356,25.722225,0.0,0.05516,132.921245
TOLFB03,OverheadPumping,3.955,31.9521,11.0205,19.756454,0.0,0.038797,144.721568
TOLFB03,PushdownPumping,14.3034,16.5793,12.7565,52.620321,-24.48,0.062207,155.303492
TOLFB03,ShoulderRoll,24.3752,14.0876,37.0059,205.01826,10.6,0.307796,759.117973
